comentario,etiqueta
"Este producto superó mis expectativas, lo recomiendo totalmente",positivo
"Muy buena calidad, estoy satisfecho con mi compra",positivo
Excelente atención y servicio rápido,positivo
La experiencia de compra fue muy buena,positivo
El producto llegó en perfectas condiciones y antes de tiempo,positivo
"Recomiendo este servicio, todo fue genial",positivo
Muy contento con la calidad y el precio,positivo
La atención al cliente fue impecable,positivo
"Sin duda volvería a comprar, todo excelente",positivo
"Estoy feliz con este producto, funciona de maravilla",positivo
Una experiencia de compra increíble,positivo
"Todo salió perfecto, gracias por el buen servicio",positivo
Muy profesional el trato y la entrega rápida,positivo
Producto de alta calidad y envío seguro,positivo
"Una empresa confiable, recomendada al 100%",positivo
La interfaz es intuitiva y el servicio muy útil,positivo
Estoy impresionado por la rapidez y eficiencia,positivo
"Muy fácil de usar, excelente soporte técnico",positivo
Excelente relación calidad-precio,positivo
La mejor compra que he hecho en mucho tiempo,positivo
"Muy mala experiencia, no recomiendo este lugar",negativo
El producto llegó roto y tarde,negativo
"Pésimo servicio al cliente, no responden",negativo
"No recibí lo que pedí, estoy muy decepcionado",negativo
"Un fraude total, no cumplen lo que prometen",negativo
"Producto de pésima calidad, se descompuso en una semana",negativo
No volveré a comprar aquí jamás,negativo
La atención fue muy grosera y poco profesional,negativo
El servicio es lento y poco confiable,negativo
"No recomiendo este producto, es una estafa",negativo
Me arrepiento de haber comprado esto,negativo
Tardaron demasiado en enviar mi pedido,negativo
El artículo no funciona como se describe,negativo
No vale la pena por el precio que cobran,negativo
"Mala calidad, mala atención y mala experiencia",negativo
Nunca llegó mi paquete y no dan solución,negativo
"Muy insatisfecho, me siento estafado",negativo
Demasiado caro para lo que ofrecen,negativo
Prometen mucho pero no cumplen nada,negativo
"Experiencia horrible, perdí mi dinero",negativo
